2024-09-03,14:57:44,10.30.0.46,F234c1,Normal,Login_Failed
2024-09-03,14:57:44,10.30.0.46,F234c1,Normal,Login_Failed
2024-09-03,14:57:44,10.30.0.46,F234c1,Normal,Login_Failed
2024-09-03,14:57:44,10.30.0.46,F234c1,Attack,DDoS
2024-09-03,14:57:44,10.30.0.46,F234c1,Attack,DDoS
2024-09-03,14:57:44,10.30.0.46,F234c1,Attack,DDoS
2024-09-03,14:57:46,10.30.0.46,F234c1,Attack,DDoS
2024-09-03,14:57:49,10.30.0.46,F234c1,Attack,DDoS
2024-09-03,15:08:21,10.30.0.46,F234c1,Normal,Login_Failed
2024-09-03,15:08:28,10.30.0.46,F234c1,Normal,Login_Success
2024-09-03,15:08:28,10.30.0.46,F234c1,Normal,Login_Success
2024-09-03,15:08:37,10.30.0.46,F234c1,Normal,Login_Failed
2024-09-03,15:08:38,10.30.0.46,F234c1,Normal,Login_Failed
2024-09-03,15:08:40,10.30.0.46,F234c1,Normal,Login_Failed
2024-09-03,15:08:42,10.30.0.46,F234c1,Normal,Login_Failed
2024-09-03,15:08:42,10.30.0.46,F234c1,Attack,Dos
2024-09-03,15:10:11,10.30.0.46,F234c1,Attack,Dos
2024-09-03,15:10:23,10.30.0.46,F234c1,Attack,Dos
2024-09-03,15:10:23,10.30.0.46,F234c1,Attack,Dos
2024-09-03,15:10:23,10.30.0.46,F234c1,Attack,Dos
2024-09-03,15:10:23,10.30.0.46,F234c1,Attack,Dos
2024-09-03,15:10:23,10.30.0.46,F234c1,Attack,Dos
2024-09-03,15:10:23,10.30.0.46,F234c1,Attack,Dos
2024-09-03,15:10:24,10.30.0.46,F234c1,Attack,Dos
2024-09-03,15:10:24,10.30.0.46,F234c1,Attack,Dos
2024-09-04,15:10:24,10.30.0.46,F234c1,Attack,Dos
2024-09-04,15:10:24,10.30.0.46,F234c1,Attack,Dos
2024-09-04,15:10:24,10.30.0.46,F234c1,Attack,Dos
2024-09-04,15:10:24,10.30.0.46,F234c1,Attack,Dos
2024-09-04,15:10:24,10.30.0.46,F234c1,Attack,Dos
2024-09-04,15:10:24,10.30.0.46,F234c1,Attack,Dos
2024-09-04,15:10:24,10.30.0.46,F234c1,Attack,Dos
2024-09-04,15:10:24,10.30.0.46,F234c1,Attack,Dos
2024-09-04,15:10:24,10.30.0.46,F234c1,Attack,Dos
2024-09-04,15:10:24,10.30.0.46,F234c1,Attack,Dos
2024-09-04,15:10:24,10.30.0.46,F234c1,Attack,Dos
2024-09-04,15:10:24,10.30.0.46,F234c1,Attack,Dos
2024-09-04,15:10:24,10.30.0.46,F234c1,Attack,Dos
2024-09-04,15:10:24,10.30.0.46,F234c1,Attack,Dos
2024-09-04,15:10:24,10.30.0.46,F234c1,Attack,Dos
2024-09-04,15:10:24,10.30.0.46,F234c1,Attack,Dos
2024-09-04,15:10:24,10.30.0.46,F234c1,Attack,Dos
2024-09-04,15:10:24,10.30.0.46,F234c1,Attack,Dos
2024-09-04,15:10:24,10.30.0.46,F234c1,Attack,Dos
2024-09-04,15:10:24,10.30.0.46,F234c1,Attack,Dos
2024-09-04,15:10:24,10.30.0.46,F234c1,Attack,Dos
2024-09-04,15:10:24,10.30.0.46,F234c1,Attack,Dos
2024-09-04,15:10:24,10.30.0.46,F234c1,Attack,Dos
2024-09-04,15:10:24,10.30.0.46,F234c1,Attack,Dos
2024-09-04,15:10:25,10.30.0.46,F234c1,Attack,Dos
2024-09-04,15:10:25,10.30.0.46,F234c1,Attack,Dos
2024-09-04,15:10:25,10.30.0.46,F234c1,Attack,Dos
2024-09-04,15:10:25,10.30.0.46,F234c1,Attack,Dos
2024-09-04,15:10:25,10.30.0.46,F234c1,Attack,Dos
2024-09-04,15:10:25,10.30.0.46,F234c1,Attack,Dos
2024-09-04,15:10:25,10.30.0.46,F234c1,Attack,Dos
2024-09-04,15:10:25,10.30.0.46,F234c1,Attack,Dos
2024-09-04,15:10:25,10.30.0.46,F234c1,Attack,Dos
2024-09-04,15:10:25,10.30.0.46,F234c1,Attack,Dos
2024-09-04,15:10:25,10.30.0.46,F234c1,Attack,Dos
2024-09-04,15:10:25,10.30.0.46,F234c1,Attack,Dos
2024-09-04,15:10:25,10.30.0.46,F234c1,Attack,Dos
2024-09-04,15:10:25,10.30.0.46,F234c1,Attack,Dos
2024-09-04,15:10:25,10.30.0.46,F234c1,Attack,Dos
2024-09-04,15:10:25,10.30.0.46,F234c1,Attack,Dos
2024-09-04,15:10:25,10.30.0.46,F234c1,Attack,Dos
2024-09-04,15:10:25,10.30.0.46,F234c1,Attack,Dos
2024-09-04,15:10:25,10.30.0.46,F234c1,Attack,Dos
2024-09-04,15:10:25,10.30.0.46,F234c1,Attack,Dos
2024-09-04,15:10:25,10.30.0.46,F234c1,Attack,Dos
2024-09-04,15:10:25,10.30.0.46,F234c1,Attack,Dos
2024-09-04,15:10:25,10.30.0.46,F234c1,Attack,Dos
2024-09-04,15:10:26,10.30.0.46,F234c1,Attack,Dos
2024-09-04,15:10:26,10.30.0.46,F234c1,Attack,Dos
2024-09-04,15:10:26,10.30.0.46,F234c1,Attack,Dos
2024-09-04,15:10:26,10.30.0.46,F234c1,Attack,Dos
2024-09-04,15:10:26,10.30.0.46,F234c1,Attack,Dos
2024-09-04,15:10:26,10.30.0.46,F234c1,Attack,Dos
2024-09-04,15:10:26,10.30.0.46,F234c1,Attack,Dos
2024-09-04,15:10:26,10.30.0.46,F234c1,Attack,Dos
2024-09-04,15:10:26,10.30.0.46,F234c1,Attack,Dos
2024-09-04,15:10:26,10.30.0.46,F234c1,Attack,Dos
2024-09-04,15:10:26,10.30.0.46,F234c1,Attack,Dos
2024-09-04,15:10:26,10.30.0.46,F234c1,Attack,Dos
2024-09-04,15:10:26,10.30.0.46,F234c1,Attack,Dos
2024-09-04,15:10:26,10.30.0.46,F234c1,Attack,Dos
2024-09-04,15:10:26,10.30.0.46,F234c1,Attack,Dos
2024-09-04,15:10:26,10.30.0.46,F234c1,Attack,Dos
2024-09-04,15:10:26,10.30.0.46,F234c1,Attack,Dos
2024-09-04,15:10:26,10.30.0.46,F234c1,Attack,Dos
2024-09-04,15:10:26,10.30.0.46,F234c1,Attack,Dos
2024-09-04,15:10:26,10.30.0.46,F234c1,Attack,Dos
2024-09-04,15:10:26,10.30.0.46,F234c1,Attack,Dos
2024-09-04,15:10:26,10.30.0.46,F234c1,Attack,Dos
2024-09-04,15:10:26,10.30.0.46,F234c1,Attack,Dos
2024-09-04,15:10:26,10.30.0.46,F234c1,Attack,Dos
2024-09-04,15:10:26,10.30.0.46,F234c1,Attack,Dos
2024-09-04,15:10:26,10.30.0.46,F234c1,Attack,Dos
2024-09-04,15:10:27,10.30.0.46,F234c1,Attack,Dos
2024-09-05,15:10:27,10.30.0.46,F234c1,Attack,Dos
2024-09-05,15:10:27,10.30.0.46,F234c1,Attack,Dos
2024-09-05,15:10:27,10.30.0.46,F234c1,Attack,Dos
2024-09-05,15:10:27,10.30.0.46,F234c1,Attack,Dos
2024-09-05,15:10:27,10.30.0.46,F234c1,Attack,Dos
2024-09-05,15:10:27,10.30.0.46,F234c1,Attack,Dos
2024-09-05,15:10:27,10.30.0.46,F234c1,Attack,Dos
2024-09-05,15:10:27,10.30.0.46,F234c1,Attack,Dos
2024-09-05,15:10:27,10.30.0.46,F234c1,Attack,Dos
2024-09-05,15:10:27,10.30.0.46,F234c1,Attack,Dos
2024-09-05,15:10:27,10.30.0.46,F234c1,Attack,Dos
2024-09-05,15:10:27,10.30.0.46,F234c1,Attack,Dos
2024-09-05,15:10:27,10.30.0.46,F234c1,Attack,Dos
2024-09-05,15:10:27,10.30.0.46,F234c1,Attack,Dos
2024-09-05,15:10:27,10.30.0.46,F234c1,Attack,Dos
2024-09-05,15:10:27,10.30.0.46,F234c1,Attack,Dos
2024-09-05,15:10:27,10.30.0.46,F234c1,Attack,Dos
2024-09-05,15:10:27,10.30.0.46,F234c1,Attack,Dos
2024-09-05,15:12:11,10.30.0.46,F234c1,Attack,DDoS
2024-09-05,15:16:06,10.30.0.46,F234c1,Normal,Login_Success
2024-09-05,15:16:07,10.30.0.46,F234c1,Normal,Login_Success
2024-09-05,15:16:07,10.30.0.46,F234c1,Normal,Login_Success
2024-09-05,15:16:07,10.30.0.46,F234c1,Attack,DDoS
2024-09-05,15:16:07,10.30.0.46,F234c1,Attack,DDoS
2024-09-05,15:16:07,10.30.0.46,F234c1,Attack,DDoS
2024-09-05,15:16:07,10.30.0.46,F234c1,Attack,DDoS
2024-09-05,15:16:07,10.30.0.46,F234c1,Attack,DDoS
2024-09-05,15:16:07,10.30.0.46,F234c1,Attack,DDoS
2024-09-05,15:16:07,10.30.0.46,F234c1,Attack,DDoS
2024-09-05,15:16:07,10.30.0.46,F234c1,Attack,DDoS
2024-09-05,15:16:07,10.30.0.46,F234c1,Attack,DDoS
2024-09-05,15:16:07,10.30.0.46,F234c1,Attack,DDoS
2024-09-05,15:16:07,10.30.0.46,F234c1,Attack,DDoS
2024-09-05,15:16:07,10.30.0.46,F234c1,Attack,DDoS
2024-09-05,15:16:08,10.30.0.46,F234c1,Attack,DDoS
2024-09-05,15:16:08,10.30.0.46,F234c1,Attack,DDoS
2024-09-05,15:16:08,10.30.0.46,F234c1,Attack,DDoS
2024-09-05,15:16:08,10.30.0.46,F234c1,Attack,DDoS
2024-09-05,15:16:08,10.30.0.46,F234c1,Attack,DDoS
2024-09-05,15:16:08,10.30.0.46,F234c1,Attack,DDoS
2024-09-05,15:16:08,10.30.0.46,F234c1,Attack,DDoS
2024-09-05,15:16:08,10.30.0.46,F234c1,Attack,DDoS
2024-09-05,15:16:09,10.30.0.46,F234c1,Attack,DDoS
2024-09-05,15:16:09,10.30.0.46,F234c1,Attack,DDoS
2024-09-05,15:16:09,10.30.0.46,F234c1,Attack,DDoS
2024-09-05,15:16:09,10.30.0.46,F234c1,Attack,DDoS
2024-09-05,15:19:39,10.30.0.46,F234c1,Normal,Login_Failed
2024-09-05,15:19:41,10.30.0.46,F234c1,Normal,Login_Failed
2024-09-05,15:19:42,10.30.0.46,F234c1,Normal,Login_Failed
2024-09-05,15:19:43,10.30.0.46,F234c1,Normal,Login_Failed
2024-09-05,15:19:44,10.30.0.46,F234c1,Normal,Login_Failed
2024-09-05,15:19:44,10.30.0.46,F234c1,Attack,Dos
2024-09-05,15:19:46,10.30.0.46,F234c1,Attack,Dos
2024-09-05,15:23:11,10.30.0.46,F234c1,Normal,Login_Success
2024-09-05,15:23:11,10.30.0.46,F234c1,Normal,Login_Success
2024-09-05,15:23:11,10.30.0.46,F234c1,Normal,Login_Success
2024-09-05,15:23:11,10.30.0.46,F234c1,Attack,DDoS
2024-09-05,15:23:11,10.30.0.46,F234c1,Attack,DDoS
2024-09-05,15:23:11,10.30.0.46,F234c1,Attack,DDoS
2024-09-05,15:27:40,10.30.0.46,F234c1,Normal,Login_Failed
2024-09-05,15:27:40,10.30.0.46,F234c1,Normal,Login_Failed
2024-09-05,15:27:40,10.30.0.46,F234c1,Normal,Login_Failed
2024-09-05,15:27:40,10.30.0.46,F234c1,Attack,DDoS
2024-09-05,15:27:40,10.30.0.46,F234c1,Attack,DDoS
2024-09-05,15:27:40,10.30.0.46,F234c1,Attack,DDoS
2024-09-05,15:27:40,10.30.0.46,F234c1,Attack,DDoS
2024-09-05,15:27:40,10.30.0.46,F234c1,Attack,DDoS
2024-09-05,15:27:40,10.30.0.46,F234c1,Attack,DDoS
2024-09-05,15:27:40,10.30.0.46,F234c1,Attack,DDoS
2024-09-05,15:27:40,10.30.0.46,F234c1,Attack,DDoS
2024-09-05,15:27:40,10.30.0.46,F234c1,Attack,DDoS
2024-09-05,15:27:40,10.30.0.46,F234c1,Attack,DDoS
2024-09-05,15:27:40,10.30.0.46,F234c1,Attack,DDoS
2024-09-05,15:27:40,10.30.0.46,F234c1,Attack,DDoS
2024-09-05,15:27:40,10.30.0.46,F234c1,Attack,DDoS
2024-09-05,15:27:41,10.30.0.46,F234c1,Attack,DDoS
2024-09-05,15:27:41,10.30.0.46,F234c1,Attack,DDoS
2024-09-05,15:27:41,10.30.0.46,F234c1,Attack,DDoS
2024-09-05,15:27:41,10.30.0.46,F234c1,Attack,DDoS
2024-09-05,15:27:41,10.30.0.46,F234c1,Attack,DDoS
2024-09-05,15:27:41,10.30.0.46,F234c1,Attack,DDoS
2024-09-05,15:27:41,10.30.0.46,F234c1,Attack,DDoS
2024-09-05,15:27:41,10.30.0.46,F234c1,Attack,DDoS
2024-09-05,15:27:41,10.30.0.46,F234c1,Attack,DDoS
2024-09-05,15:27:41,10.30.0.46,F234c1,Attack,DDoS
2024-09-05,15:27:41,10.30.0.46,F234c1,Attack,DDoS
2024-09-05,15:27:42,10.30.0.46,F234c1,Attack,DDoS
2024-09-05,15:27:42,10.30.0.46,F234c1,Attack,DDoS
2024-09-05,15:27:42,10.30.0.46,F234c1,Attack,DDoS
2024-09-05,15:27:42,10.30.0.46,F234c1,Attack,DDoS
2024-09-05,15:27:42,10.30.0.46,F234c1,Attack,DDoS
2024-09-05,15:27:42,10.30.0.46,F234c1,Attack,DDoS
2024-09-05,15:27:42,10.30.0.46,F234c1,Attack,DDoS
2024-09-05,15:27:42,10.30.0.46,F234c1,Attack,DDoS
2024-09-05,15:27:42,10.30.0.46,F234c1,Attack,DDoS
2024-09-05,15:27:42,10.30.0.46,F234c1,Attack,DDoS
2024-09-05,15:27:42,10.30.0.46,F234c1,Attack,DDoS
2024-09-05,15:27:42,10.30.0.46,F234c1,Attack,DDoS
2024-09-05,15:27:42,10.30.0.46,F234c1,Attack,DDoS
2024-09-05,15:27:42,10.30.0.46,F234c1,Attack,DDoS
2024-09-05,15:27:42,10.30.0.46,F234c1,Attack,DDoS
2024-09-05,15:27:42,10.30.0.46,F234c1,Attack,DDoS
2024-09-05,15:27:42,10.30.0.46,F234c1,Attack,DDoS
2024-09-06,15:27:42,10.30.0.46,F234c1,Attack,DDoS
2024-09-06,15:27:42,10.30.0.46,F234c1,Attack,DDoS
2024-09-06,15:27:42,10.30.0.46,F234c1,Attack,DDoS
2024-09-06,15:27:42,10.30.0.46,F234c1,Attack,DDoS
2024-09-06,15:27:42,10.30.0.46,F234c1,Attack,DDoS
2024-09-06,15:27:43,10.30.0.46,F234c1,Attack,DDoS
2024-09-06,15:27:43,10.30.0.46,F234c1,Attack,DDoS
2024-09-06,15:27:43,10.30.0.46,F234c1,Attack,DDoS
2024-09-06,15:27:43,10.30.0.46,F234c1,Attack,DDoS
2024-09-06,15:27:43,10.30.0.46,F234c1,Attack,DDoS
2024-09-06,15:27:43,10.30.0.46,F234c1,Attack,DDoS
2024-09-06,15:27:43,10.30.0.46,F234c1,Attack,DDoS
2024-09-06,15:27:43,10.30.0.46,F234c1,Attack,DDoS
2024-09-06,15:27:43,10.30.0.46,F234c1,Attack,DDoS
2024-09-06,15:27:43,10.30.0.46,F234c1,Attack,DDoS
2024-09-06,15:27:43,10.30.0.46,F234c1,Attack,DDoS
2024-09-06,15:27:43,10.30.0.46,F234c1,Attack,DDoS
2024-09-06,15:27:43,10.30.0.46,F234c1,Attack,DDoS
2024-09-06,15:27:43,10.30.0.46,F234c1,Attack,DDoS
2024-09-06,15:27:43,10.30.0.46,F234c1,Attack,DDoS
2024-09-06,15:27:43,10.30.0.46,F234c1,Attack,DDoS
2024-09-06,15:27:43,10.30.0.46,F234c1,Attack,DDoS
2024-09-06,15:27:43,10.30.0.46,F234c1,Attack,DDoS
2024-09-06,15:27:43,10.30.0.46,F234c1,Attack,DDoS
2024-09-06,15:27:43,10.30.0.46,F234c1,Attack,DDoS
2024-09-06,15:27:43,10.30.0.46,F234c1,Attack,DDoS
2024-09-06,15:27:43,10.30.0.46,F234c1,Attack,DDoS
2024-09-06,15:27:44,10.30.0.46,F234c1,Attack,DDoS
2024-09-06,15:27:44,10.30.0.46,F234c1,Attack,DDoS
2024-09-06,15:27:44,10.30.0.46,F234c1,Attack,DDoS
2024-09-06,15:27:44,10.30.0.46,F234c1,Attack,DDoS
2024-09-06,15:27:44,10.30.0.46,F234c1,Attack,DDoS
2024-09-06,15:27:44,10.30.0.46,F234c1,Attack,DDoS
2024-09-06,15:27:44,10.30.0.46,F234c1,Attack,DDoS
2024-09-06,15:27:44,10.30.0.46,F234c1,Attack,DDoS
2024-09-06,15:27:44,10.30.0.46,F234c1,Attack,DDoS
2024-09-06,15:27:44,10.30.0.46,F234c1,Attack,DDoS
2024-09-06,15:27:44,10.30.0.46,F234c1,Attack,DDoS
2024-09-06,15:27:44,10.30.0.46,F234c1,Attack,DDoS
2024-09-06,15:27:44,10.30.0.46,F234c1,Attack,DDoS
2024-09-06,15:27:44,10.30.0.46,F234c1,Attack,DDoS
2024-09-06,15:27:44,10.30.0.46,F234c1,Attack,DDoS
2024-09-06,15:27:44,10.30.0.46,F234c1,Attack,DDoS
2024-09-06,15:27:44,10.30.0.46,F234c1,Attack,DDoS
2024-09-06,15:27:44,10.30.0.46,F234c1,Attack,DDoS
2024-09-06,15:27:44,10.30.0.46,F234c1,Attack,DDoS
2024-09-06,15:27:44,10.30.0.46,F234c1,Attack,DDoS
2024-09-06,15:27:44,10.30.0.46,F234c1,Attack,DDoS
2024-09-06,15:27:44,10.30.0.46,F234c1,Attack,DDoS
2024-09-06,15:27:44,10.30.0.46,F234c1,Attack,DDoS
2024-09-06,15:27:45,10.30.0.46,F234c1,Attack,DDoS
2024-09-06,15:27:45,10.30.0.46,F234c1,Attack,DDoS
2024-09-06,15:27:45,10.30.0.46,F234c1,Attack,DDoS
2024-09-06,15:27:45,10.30.0.46,F234c1,Attack,DDoS
2024-09-06,15:27:45,10.30.0.46,F234c1,Attack,DDoS
2024-09-06,15:27:45,10.30.0.46,F234c1,Attack,DDoS
2024-09-06,15:27:45,10.30.0.46,F234c1,Attack,DDoS
2024-09-06,15:27:45,10.30.0.46,F234c1,Attack,DDoS
2024-09-06,15:27:45,10.30.0.46,F234c1,Attack,DDoS
2024-09-06,15:27:45,10.30.0.46,F234c1,Attack,DDoS
2024-09-06,15:27:45,10.30.0.46,F234c1,Attack,DDoS
2024-09-06,15:27:45,10.30.0.46,F234c1,Attack,DDoS
2024-09-06,15:27:45,10.30.0.46,F234c1,Attack,DDoS
2024-09-06,15:27:45,10.30.0.46,F234c1,Attack,DDoS
2024-09-06,15:27:45,10.30.0.46,F234c1,Attack,DDoS
2024-09-06,15:27:45,10.30.0.46,F234c1,Attack,DDoS
2024-09-06,15:27:45,10.30.0.46,F234c1,Attack,DDoS
2024-09-06,15:27:45,10.30.0.46,F234c1,Attack,DDoS
2024-09-06,15:27:45,10.30.0.46,F234c1,Attack,DDoS
2024-09-06,15:27:45,10.30.0.46,F234c1,Attack,DDoS
2024-09-06,15:27:45,10.30.0.46,F234c1,Attack,DDoS
2024-09-06,15:27:45,10.30.0.46,F234c1,Attack,DDoS
2024-09-06,15:27:45,10.30.0.46,F234c1,Attack,DDoS
2024-09-06,15:27:45,10.30.0.46,F234c1,Attack,DDoS
2024-09-06,15:27:46,10.30.0.46,F234c1,Attack,DDoS
2024-09-06,15:27:46,10.30.0.46,F234c1,Attack,DDoS
2024-09-06,15:27:46,10.30.0.46,F234c1,Attack,DDoS
2024-09-06,15:27:46,10.30.0.46,F234c1,Attack,DDoS
2024-09-06,15:27:46,10.30.0.46,F234c1,Attack,DDoS
2024-09-06,15:27:46,10.30.0.46,F234c1,Attack,DDoS
2024-09-06,15:27:46,10.30.0.46,F234c1,Attack,DDoS
2024-09-06,15:27:46,10.30.0.46,F234c1,Attack,DDoS
2024-09-06,15:27:46,10.30.0.46,F234c1,Attack,DDoS
2024-09-06,15:27:46,10.30.0.46,F234c1,Attack,DDoS
2024-09-06,15:27:46,10.30.0.46,F234c1,Attack,DDoS
2024-09-06,15:27:46,10.30.0.46,F234c1,Attack,DDoS
2024-09-06,15:27:46,10.30.0.46,F234c1,Attack,DDoS
2024-09-06,15:27:46,10.30.0.46,F234c1,Attack,DDoS
2024-09-06,15:27:46,10.30.0.46,F234c1,Attack,DDoS
2024-09-06,15:27:46,10.30.0.46,F234c1,Attack,DDoS
2024-09-06,15:27:46,10.30.0.46,F234c1,Attack,DDoS
2024-09-06,15:27:46,10.30.0.46,F234c1,Attack,DDoS
2024-09-06,15:27:46,10.30.0.46,F234c1,Attack,DDoS
2024-09-06,15:27:46,10.30.0.46,F234c1,Attack,DDoS
2024-09-07,15:27:46,10.30.0.46,F234c1,Attack,DDoS
2024-09-07,15:27:46,10.30.0.46,F234c1,Attack,DDoS
2024-09-07,15:27:46,10.30.0.46,F234c1,Attack,DDoS
2024-09-07,15:27:47,10.30.0.46,F234c1,Attack,DDoS
2024-09-07,15:27:47,10.30.0.46,F234c1,Attack,DDoS
2024-09-07,15:27:47,10.30.0.46,F234c1,Attack,DDoS
2024-09-07,15:27:47,10.30.0.46,F234c1,Attack,DDoS
2024-09-07,15:27:47,10.30.0.46,F234c1,Attack,DDoS
2024-09-07,15:27:47,10.30.0.46,F234c1,Attack,DDoS
2024-09-07,15:27:47,10.30.0.46,F234c1,Attack,DDoS
2024-09-07,15:27:47,10.30.0.46,F234c1,Attack,DDoS
2024-09-07,15:27:47,10.30.0.46,F234c1,Attack,DDoS
2024-09-07,15:27:47,10.30.0.46,F234c1,Attack,DDoS
2024-09-07,15:27:47,10.30.0.46,F234c1,Attack,DDoS
2024-09-07,15:27:47,10.30.0.46,F234c1,Attack,DDoS
2024-09-07,15:27:47,10.30.0.46,F234c1,Attack,DDoS
2024-09-07,15:27:47,10.30.0.46,F234c1,Attack,DDoS
2024-09-07,15:27:47,10.30.0.46,F234c1,Attack,DDoS
2024-09-07,15:27:47,10.30.0.46,F234c1,Attack,DDoS
2024-09-07,15:27:54,10.30.0.46,F234c1,Attack,DDoS
2024-09-07,15:27:54,10.30.0.46,F234c1,Attack,DDoS
2024-09-07,15:27:54,10.30.0.46,F234c1,Attack,DDoS
2024-09-07,15:27:54,10.30.0.46,F234c1,Attack,DDoS
2024-09-07,15:27:54,10.30.0.46,F234c1,Attack,DDoS
2024-09-07,15:27:54,10.30.0.46,F234c1,Attack,DDoS
2024-09-07,15:27:54,10.30.0.46,F234c1,Attack,DDoS
2024-09-07,15:27:55,10.30.0.46,F234c1,Attack,DDoS
2024-09-07,15:27:55,10.30.0.46,F234c1,Attack,DDoS
2024-09-07,15:27:55,10.30.0.46,F234c1,Attack,DDoS
2024-09-07,15:27:55,10.30.0.46,F234c1,Attack,DDoS
2024-09-07,15:27:55,10.30.0.46,F234c1,Attack,DDoS
2024-09-07,15:27:55,10.30.0.46,F234c1,Attack,DDoS
2024-09-07,15:27:55,10.30.0.46,F234c1,Attack,DDoS
2024-09-07,15:27:55,10.30.0.46,F234c1,Attack,DDoS
2024-09-07,15:27:56,10.30.0.46,F234c1,Attack,DDoS
2024-09-07,15:27:56,10.30.0.46,F234c1,Attack,DDoS
2024-09-07,15:27:56,10.30.0.46,F234c1,Attack,DDoS
2024-09-07,15:27:56,10.30.0.46,F234c1,Attack,DDoS
2024-09-07,15:27:56,10.30.0.46,F234c1,Attack,DDoS
2024-09-07,15:27:56,10.30.0.46,F234c1,Attack,DDoS
2024-09-08,15:27:56,10.30.0.46,F234c1,Attack,DDoS
2024-09-08,15:27:56,10.30.0.46,F234c1,Attack,DDoS
2024-09-08,15:27:56,10.30.0.46,F234c1,Attack,DDoS
2024-09-08,15:27:56,10.30.0.46,F234c1,Attack,DDoS
2024-09-08,15:27:56,10.30.0.46,F234c1,Attack,DDoS
2024-09-08,15:27:56,10.30.0.46,F234c1,Attack,DDoS
2024-09-08,15:27:56,10.30.0.46,F234c1,Attack,DDoS
2024-09-08,15:27:56,10.30.0.46,F234c1,Attack,DDoS
2024-09-08,15:27:56,10.30.0.46,F234c1,Attack,DDoS
2024-09-08,15:27:56,10.30.0.46,F234c1,Attack,DDoS
2024-09-08,15:27:56,10.30.0.46,F234c1,Attack,DDoS
2024-09-08,15:27:56,10.30.0.46,F234c1,Attack,DDoS
2024-09-08,15:27:56,10.30.0.46,F234c1,Attack,DDoS
2024-09-08,15:27:56,10.30.0.46,F234c1,Attack,DDoS
2024-09-08,15:27:56,10.30.0.46,F234c1,Attack,DDoS
2024-09-08,15:27:56,10.30.0.46,F234c1,Attack,DDoS
2024-09-08,15:27:56,10.30.0.46,F234c1,Attack,DDoS
2024-09-08,15:27:56,10.30.0.46,F234c1,Attack,DDoS
2024-09-08,15:27:56,10.30.0.46,F234c1,Attack,DDoS
2024-09-08,15:32:24,10.30.0.46,F234c1,Normal,Login_Success
2024-09-08,15:32:25,10.30.0.46,F234c1,Normal,Login_Success
2024-09-08,15:32:29,10.30.0.46,F234c1,Normal,Login_Success
2024-09-08,15:35:15,10.30.0.46,F234c1,Normal,Login_Failed
2024-09-08,15:35:15,10.30.0.46,F234c1,Normal,Login_Failed
2024-09-08,15:35:15,10.30.0.46,F234c1,Normal,Login_Failed
2024-09-08,15:35:15,10.30.0.46,F234c1,Attack,DDoS
2024-09-08,15:35:15,10.30.0.46,F234c1,Attack,DDoS
2024-09-08,15:35:15,10.30.0.46,F234c1,Attack,DDoS
2024-09-08,15:35:15,10.30.0.46,F234c1,Attack,DDoS
2024-09-08,15:35:15,10.30.0.46,F234c1,Attack,DDoS
2024-09-08,15:35:15,10.30.0.46,F234c1,Attack,DDoS
2024-09-08,15:35:16,10.30.0.46,F234c1,Attack,DDoS
2024-09-08,15:35:16,10.30.0.46,F234c1,Attack,DDoS
2024-09-08,15:35:16,10.30.0.46,F234c1,Attack,DDoS
2024-09-08,15:35:16,10.30.0.46,F234c1,Attack,DDoS
2024-09-08,15:35:16,10.30.0.46,F234c1,Attack,DDoS
2024-09-08,15:35:16,10.30.0.46,F234c1,Attack,DDoS
2024-09-08,15:35:16,10.30.0.46,F234c1,Attack,DDoS
2024-09-09,15:35:16,10.30.0.46,F234c1,Attack,DDoS
2024-09-09,15:35:16,10.30.0.46,F234c1,Attack,DDoS
2024-09-09,15:35:16,10.30.0.46,F234c1,Attack,DDoS
2024-09-09,15:35:16,10.30.0.46,F234c1,Attack,DDoS
2024-09-09,15:35:16,10.30.0.46,F234c1,Attack,DDoS
2024-09-09,15:35:16,10.30.0.46,F234c1,Attack,DDoS
2024-09-09,15:35:16,10.30.0.46,F234c1,Attack,DDoS
2024-09-09,15:35:16,10.30.0.46,F234c1,Attack,DDoS
2024-09-09,15:35:16,10.30.0.46,F234c1,Attack,DDoS
2024-09-09,15:35:16,10.30.0.46,F234c1,Attack,DDoS
2024-09-09,15:35:16,10.30.0.46,F234c1,Attack,DDoS
2024-09-09,15:35:16,10.30.0.46,F234c1,Attack,DDoS
2024-09-09,15:35:16,10.30.0.46,F234c1,Attack,DDoS
2024-09-09,15:35:16,10.30.0.46,F234c1,Attack,DDoS
2024-09-09,15:35:16,10.30.0.46,F234c1,Attack,DDoS
2024-09-10,15:35:16,10.30.0.46,F234c1,Attack,DDoS
2024-09-10,15:35:16,10.30.0.46,F234c1,Attack,DDoS
2024-09-10,15:35:16,10.30.0.46,F234c1,Attack,DDoS
2024-09-10,15:35:16,10.30.0.46,F234c1,Attack,DDoS
2024-09-10,15:35:17,10.30.0.46,F234c1,Attack,DDoS
2024-09-10,15:35:17,10.30.0.46,F234c1,Attack,DDoS
2024-09-10,15:35:17,10.30.0.46,F234c1,Attack,DDoS
2024-09-10,15:35:17,10.30.0.46,F234c1,Attack,DDoS
2024-09-10,15:35:17,10.30.0.46,F234c1,Attack,DDoS
2024-09-10,15:35:17,10.30.0.46,F234c1,Attack,DDoS
2024-09-10,15:35:17,10.30.0.46,F234c1,Attack,DDoS
2024-09-10,15:35:17,10.30.0.46,F234c1,Attack,DDoS
2024-09-10,15:35:17,10.30.0.46,F234c1,Attack,DDoS
2024-09-10,15:35:17,10.30.0.46,F234c1,Attack,DDoS
2024-09-10,15:35:17,10.30.0.46,F234c1,Attack,DDoS
2024-09-10,15:35:17,10.30.0.46,F234c1,Attack,DDoS
2024-09-10,15:35:17,10.30.0.46,F234c1,Attack,DDoS
2024-09-11,15:35:17,10.30.0.46,F234c1,Attack,DDoS
2024-09-11,15:35:17,10.30.0.46,F234c1,Attack,DDoS
2024-09-11,15:35:17,10.30.0.46,F234c1,Attack,DDoS
2024-09-11,15:35:17,10.30.0.46,F234c1,Attack,DDoS
2024-09-11,15:35:17,10.30.0.46,F234c1,Attack,DDoS
2024-09-11,15:35:17,10.30.0.46,F234c1,Attack,DDoS
2024-09-11,15:35:17,10.30.0.46,F234c1,Attack,DDoS
2024-09-11,15:35:17,10.30.0.46,F234c1,Attack,DDoS
2024-09-11,15:35:17,10.30.0.46,F234c1,Attack,DDoS
2024-09-11,15:35:17,10.30.0.46,F234c1,Attack,DDoS
2024-09-11,15:35:17,10.30.0.46,F234c1,Attack,DDoS
2024-09-11,15:35:17,10.30.0.46,F234c1,Attack,DDoS
2024-09-11,15:35:17,10.30.0.46,F234c1,Attack,DDoS
2024-09-11,15:35:18,10.30.0.46,F234c1,Attack,DDoS
2024-09-11,15:35:18,10.30.0.46,F234c1,Attack,DDoS
2024-09-11,15:35:18,10.30.0.46,F234c1,Attack,DDoS
2024-09-11,15:35:18,10.30.0.46,F234c1,Attack,DDoS
2024-09-11,15:35:18,10.30.0.46,F234c1,Attack,DDoS
2024-09-11,15:35:18,10.30.0.46,F234c1,Attack,DDoS
2024-09-11,15:35:18,10.30.0.46,F234c1,Attack,DDoS
2024-09-11,15:35:18,10.30.0.46,F234c1,Attack,DDoS
2024-09-11,15:35:18,10.30.0.46,F234c1,Attack,DDoS
2024-09-11,15:35:18,10.30.0.46,F234c1,Attack,DDoS
2024-09-11,15:35:18,10.30.0.46,F234c1,Attack,DDoS
2024-09-11,15:35:18,10.30.0.46,F234c1,Attack,DDoS
2024-09-11,15:35:18,10.30.0.46,F234c1,Attack,DDoS
2024-09-11,15:35:18,10.30.0.46,F234c1,Attack,DDoS